<nodes>
  <node>
    <name>UniversalRolesAgent</name>
    <missionDescription>Prototype agent that contains universal roles.</missionDescription>
    <isAbstract>true</isAbstract>
    <prototypeNodeNames></prototypeNodeNames>
    <roles>
      <role>
        <qualifiedName>UniversalRolesAgent.GovernanceRole</qualifiedName>
        <description>Ensures that this node complies with policy.</description>
        <parentQualifiedName>ContainerGovernanceAgent.ContainerGovernanceRole</parentQualifiedName>
        <skill-classes>
          <skill-class>
            <skill-class-name>org.texai.skill.governance.Governance</skill-class-name>
          </skill-class>
        </skill-classes>
        <variableNames></variableNames>
      </role>
      <role>
        <qualifiedName>UniversalRolesAgent.HeartbeatRole</qualifiedName>
        <description>Provides periodic heartbeat messages to indicate that this node is alive.</description>
        <parentQualifiedName>ContainerOperationAgent.ContainerHeartbeatRole</parentQualifiedName>
        <skill-classes>
          <skill-class>
            <skill-class-name>org.texai.skill.heartbeat.Heartbeat</skill-class-name>
          </skill-class>
        </skill-classes>
        <variableNames></variableNames>
      </role>
      <role>
        <qualifiedName>UniversalRolesAgent.ConfigureParentToSingletonRole</qualifiedName>
        <description>Configures parent roles to refer to network singleton agent roles.</description>
        <parentQualifiedName>ContainerOperationAgent.ContainerOperationRole</parentQualifiedName>
        <skill-classes>
          <skill-class>
            <skill-class-name>org.texai.skill.singletonConfiguration.ConfigureParentToSingleton</skill-class-name>
          </skill-class>
        </skill-classes>
        <variableNames></variableNames>
      </role>
    </roles>
  </node>

  <node>
    <name>TopmostFriendshipAgent</name>
    <missionDescription>Coordinates the top level agents to ensure friendly behavior.</missionDescription>
    <isNetworkSingleton>true</isNetworkSingleton>
    <prototypeNodeNames>
      <prototypeNodeName>UniversalRolesAgent</prototypeNodeName>
    </prototypeNodeNames>
    <roles>
      <role>
        <qualifiedName>TopmostFriendshipAgent.TopmostFriendshipRole</qualifiedName>
        <description>Coordinates the top level agents to ensure friendly behavior.</description>
        <parentQualifiedName></parentQualifiedName>
        <areRemoteCommunicationsPermitted>true</areRemoteCommunicationsPermitted>
        <skill-classes>
          <skill-class>
            <skill-class-name>org.texai.skill.governance.TopmostFriendship</skill-class-name>
          </skill-class>
        </skill-classes>
        <variableNames></variableNames>
      </role>
    </roles>
  </node>

  <node>
    <name>TopLevelGovernanceAgent</name>
    <missionDescription>Manages the container governance agents to ensure friendly behavior.</missionDescription>
    <isNetworkSingleton>true</isNetworkSingleton>
    <prototypeNodeNames>
      <prototypeNodeName>UniversalRolesAgent</prototypeNodeName>
    </prototypeNodeNames>
    <roles>
      <role>
        <qualifiedName>TopLevelGovernanceAgent.TopLevelGovernanceRole</qualifiedName>
        <description>Manages the container governance agents to ensure friendly behavior.</description>
        <parentQualifiedName>TopmostFriendshipAgent.TopmostFriendshipRole</parentQualifiedName>
        <areRemoteCommunicationsPermitted>true</areRemoteCommunicationsPermitted>
        <skill-classes>
          <skill-class>
            <skill-class-name>org.texai.skill.governance.TopLevelGovernance</skill-class-name>
          </skill-class>
        </skill-classes>
        <variableNames></variableNames>
      </role>
    </roles>
  </node>

  <node>
    <name>ContainerGovernanceAgent</name>
    <missionDescription>Manages a container's agents to ensure friendly behavior.</missionDescription>
    <prototypeNodeNames>
      <prototypeNodeName>UniversalRolesAgent</prototypeNodeName>
    </prototypeNodeNames>
    <roles>
      <role>
        <qualifiedName>ContainerGovernanceAgent.ContainerGovernanceRole</qualifiedName>
        <description>Manages a container's agents to ensure friendly behavior.</description>
        <parentQualifiedName>TopLevelGovernanceAgent.TopLevelGovernanceRole</parentQualifiedName>
        <areRemoteCommunicationsPermitted>true</areRemoteCommunicationsPermitted>
        <skill-classes>
          <skill-class>
            <skill-class-name>org.texai.skill.governance.ContainerGovernance</skill-class-name>
          </skill-class>
        </skill-classes>
        <variableNames></variableNames>
      </role>
    </roles>
  </node>

  <node>
    <name>NetworkOperationAgent</name>
    <missionDescription>Manages the network, the containers, and the AICoin agents within the containers. Interacts with human operators.</missionDescription>
    <isNetworkSingleton>true</isNetworkSingleton>
    <prototypeNodeNames>
      <prototypeNodeName>UniversalRolesAgent</prototypeNodeName>
    </prototypeNodeNames>
    <roles>
      <role>
        <qualifiedName>NetworkOperationAgent.NetworkOperationRole</qualifiedName>
        <description>Manages the network and the containers. Interacts with human operators.</description>
        <parentQualifiedName>TopmostFriendshipAgent.TopmostFriendshipRole</parentQualifiedName>
        <areRemoteCommunicationsPermitted>true</areRemoteCommunicationsPermitted>
        <skill-classes>
          <skill-class>
            <skill-class-name>org.texai.skill.network.NetworkOperation</skill-class-name>
          </skill-class>
        </skill-classes>
        <variableNames></variableNames>
      </role>
      <role>
        <qualifiedName>NetworkOperationAgent.TopLevelHeartbeatRole</qualifiedName>
        <description>Manages the container heartbeat agents to ensure liveness.</description>
        <parentQualifiedName>TopmostFriendshipAgent.TopmostFriendshipRole</parentQualifiedName>
        <areRemoteCommunicationsPermitted>true</areRemoteCommunicationsPermitted>
        <skill-classes>
          <skill-class>
            <skill-class-name>org.texai.skill.heartbeat.TopLevelHeartbeat</skill-class-name>
          </skill-class>
        </skill-classes>
        <variableNames></variableNames>
      </role>
    </roles>
  </node>

  <node>
    <name>ContainerOperationAgent</name>
    <missionDescription>Manages a container and the AICoin agent within the container. Interacts with the human container operator.</missionDescription>
    <prototypeNodeNames>
      <prototypeNodeName>UniversalRolesAgent</prototypeNodeName>
    </prototypeNodeNames>
    <roles>
      <role>
        <qualifiedName>ContainerOperationAgent.ContainerOperationRole</qualifiedName>
        <description>Manages the network, the containers, and the AICoin agents within the containers. Interacts with human operators.</description>
        <parentQualifiedName>NetworkOperationAgent.NetworkOperationRole</parentQualifiedName>
        <areRemoteCommunicationsPermitted>true</areRemoteCommunicationsPermitted>
        <skill-classes>
          <skill-class>
            <skill-class-name>org.texai.skill.network.ContainerOperation</skill-class-name>
          </skill-class>
          <skill-class>
            <skill-class-name>org.texai.skill.support.NodeRuntimeSkill</skill-class-name>
          </skill-class>
        </skill-classes>
        <variableNames></variableNames>
      </role>
      <role>
        <qualifiedName>ContainerOperationAgent.ContainerHeartbeatRole</qualifiedName>
        <description>Manages a container's agents to ensure liveness.</description>
        <parentQualifiedName>NetworkOperationAgent.TopLevelHeartbeatRole</parentQualifiedName>
        <areRemoteCommunicationsPermitted>true</areRemoteCommunicationsPermitted>
        <skill-classes>
          <skill-class>
            <skill-class-name>org.texai.skill.heartbeat.ContainerHeartbeat</skill-class-name>
          </skill-class>
        </skill-classes>
        <variableNames></variableNames>
      </role>
    </roles>
  </node>

  <node>
    <name>NetworkLogControlAgent</name>
    <missionDescription>Coordinates Java logging for agents in the AICoin network.</missionDescription>
    <isNetworkSingleton>true</isNetworkSingleton>
    <prototypeNodeNames>
      <prototypeNodeName>UniversalRolesAgent</prototypeNodeName>
    </prototypeNodeNames>
    <roles>
      <role>
        <qualifiedName>NetworkLogControlAgent.NetworkLogControlRole</qualifiedName>
        <description>Coordinates Java logging at the network level for agents in the AICoin network.</description>
        <parentQualifiedName>NetworkOperationAgent.NetworkOperationRole</parentQualifiedName>
        <areRemoteCommunicationsPermitted>true</areRemoteCommunicationsPermitted>
        <skill-classes>
          <skill-class>
            <skill-class-name>org.texai.skill.logging.NetworkLogControl</skill-class-name>
          </skill-class>
        </skill-classes>
        <variableNames></variableNames>
      </role>
    </roles>
  </node>

  <node>
    <name>ContainerLogControlAgent</name>
    <missionDescription>Coordinates Java logging at the container level for agents in the AICoin network.</missionDescription>
    <prototypeNodeNames>
      <prototypeNodeName>UniversalRolesAgent</prototypeNodeName>
    </prototypeNodeNames>
    <roles>
      <role>
        <qualifiedName>ContainerLogControlAgent.ContainerLogControlRole</qualifiedName>
        <description>Coordinates Java logging for agents in the AICoin network.</description>
        <parentQualifiedName>NetworkLogControlAgent.NetworkLogControlRole</parentQualifiedName>
        <areRemoteCommunicationsPermitted>true</areRemoteCommunicationsPermitted>
        <skill-classes>
          <skill-class>
            <skill-class-name>org.texai.skill.logging.ContainerLogControl</skill-class-name>
          </skill-class>
        </skill-classes>
        <variableNames></variableNames>
      </role>
    </roles>
  </node>

  <node>
    <name>NetworkDeploymentAgent</name>
    <missionDescription>Performs software deployment at the network level.</missionDescription>
    <isNetworkSingleton>true</isNetworkSingleton>
    <prototypeNodeNames>
      <prototypeNodeName>UniversalRolesAgent</prototypeNodeName>
    </prototypeNodeNames>
    <roles>
      <role>
        <qualifiedName>NetworkDeploymentAgent.NetworkDeploymentRole</qualifiedName>
        <description>Performs software deployment at the network level.</description>
        <parentQualifiedName>NetworkOperationAgent.NetworkOperationRole</parentQualifiedName>
        <areRemoteCommunicationsPermitted>true</areRemoteCommunicationsPermitted>
        <skill-classes>
          <skill-class>
            <skill-class-name>org.texai.skill.deployment.NetworkDeployment</skill-class-name>
          </skill-class>
        </skill-classes>
        <variableNames></variableNames>
      </role>
    </roles>
  </node>

  <node>
    <name>ContainerDeploymentAgent</name>
    <missionDescription>Performs software deployment at the container level.</missionDescription>
    <prototypeNodeNames>
      <prototypeNodeName>UniversalRolesAgent</prototypeNodeName>
    </prototypeNodeNames>
    <roles>
      <role>
        <qualifiedName>ContainerDeploymentAgent.ContainerDeploymentRole</qualifiedName>
        <description>Performs software deployment at the container level.</description>
        <parentQualifiedName>NetworkDeploymentAgent.NetworkDeploymentRole</parentQualifiedName>
        <areRemoteCommunicationsPermitted>true</areRemoteCommunicationsPermitted>
        <skill-classes>
          <skill-class>
            <skill-class-name>org.texai.skill.deployment.ContainerDeployment</skill-class-name>
          </skill-class>
        </skill-classes>
        <variableNames></variableNames>
      </role>
    </roles>
  </node>

  <node>
    <name>XAINetworkOperationAgent</name>
    <missionDescription>Manages the AICoin agent network. Interacts with human operators.</missionDescription>
    <isNetworkSingleton>true</isNetworkSingleton>
    <prototypeNodeNames>
      <prototypeNodeName>UniversalRolesAgent</prototypeNodeName>
    </prototypeNodeNames>
    <roles>
      <role>
        <qualifiedName>XAINetworkOperationAgent.XAINetworkOperationRole</qualifiedName>
        <description>Manages the AICoin agent network. Interacts with human operators.</description>
        <parentQualifiedName>NetworkOperationAgent.NetworkOperationRole</parentQualifiedName>
        <areRemoteCommunicationsPermitted>true</areRemoteCommunicationsPermitted>
        <skill-classes>
          <skill-class>
            <skill-class-name>org.texai.skill.aicoin.XAINetworkOperation</skill-class-name>
          </skill-class>
        </skill-classes>
        <variableNames></variableNames>
      </role>
    </roles>
  </node>

  <node>
    <name>XAIOperationAgent</name>
    <missionDescription>Manages a bitcoind instance.</missionDescription>
    <prototypeNodeNames>
      <prototypeNodeName>UniversalRolesAgent</prototypeNodeName>
    </prototypeNodeNames>
    <roles>
      <role>
        <qualifiedName>XAIOperationAgent.XAIOperationRole</qualifiedName>
        <description>Manages a bitcoind instance.</description>
        <parentQualifiedName>XAINetworkOperationAgent.XAINetworkOperationRole</parentQualifiedName>
        <areRemoteCommunicationsPermitted>true</areRemoteCommunicationsPermitted>
        <skill-classes>
          <skill-class>
            <skill-class-name>org.texai.skill.aicoin.XAIOperation</skill-class-name>
          </skill-class>
          <skill-class>
            <skill-class-name>org.texai.skill.aicoin.XAIWriteConfigurationFile</skill-class-name>
          </skill-class>
        </skill-classes>
        <variableNames></variableNames>
      </role>
    </roles>
  </node>

  <node>
    <name>XAIBlockchainArchiveAgent</name>
    <missionDescription>Archives the AICoin blockchain and pending transactions.</missionDescription>
    <prototypeNodeNames>
      <prototypeNodeName>UniversalRolesAgent</prototypeNodeName>
    </prototypeNodeNames>
    <roles>
      <role>
        <qualifiedName>XAIBlockchainArchiveAgent.XAIBlockchainArchiveRole</qualifiedName>
        <description>Archives the AICoin blockchain and pending transactions.</description>
        <parentQualifiedName>XAINetworkOperationAgent.XAINetworkOperationRole</parentQualifiedName>
         <areRemoteCommunicationsPermitted>true</areRemoteCommunicationsPermitted>
       <skill-classes>
          <skill-class>
            <skill-class-name>org.texai.skill.aicoin.XAIBlockchainArchive</skill-class-name>
          </skill-class>
        </skill-classes>
        <variableNames></variableNames>
      </role>
    </roles>
  </node>

  <node>
    <name>XAIClientGatewayAgent</name>
    <missionDescription>Provides a wallet and processor client gateway for the AICoin network.</missionDescription>
    <prototypeNodeNames>
      <prototypeNodeName>UniversalRolesAgent</prototypeNodeName>
    </prototypeNodeNames>
    <roles>
      <role>
        <qualifiedName>XAIClientGatewayAgent.XAIClientGatewayRole</qualifiedName>
        <description>Provides a wallet and processor client gateway for the AICoin network.</description>
        <parentQualifiedName>XAINetworkOperationAgent.XAINetworkOperationRole</parentQualifiedName>
        <areRemoteCommunicationsPermitted>true</areRemoteCommunicationsPermitted>
        <skill-classes>
          <skill-class>
            <skill-class-name>org.texai.skill.aicoin.XAIClientGateway</skill-class-name>
          </skill-class>
        </skill-classes>
        <variableNames></variableNames>
      </role>
    </roles>
  </node>

  <node>
    <name>XAIFaucetAgent</name>
    <missionDescription>Provides a tamper evident aicoin faucet.</missionDescription>
    <prototypeNodeNames>
      <prototypeNodeName>UniversalRolesAgent</prototypeNodeName>
    </prototypeNodeNames>
    <roles>
      <role>
        <qualifiedName>XAIFaucetAgent.XAIFaucetRole</qualifiedName>
        <description>Provides a tamper evident aicoin faucet.</description>
        <parentQualifiedName>XAINetworkOperationAgent.XAINetworkOperationRole</parentQualifiedName>
         <areRemoteCommunicationsPermitted>true</areRemoteCommunicationsPermitted>
       <skill-classes>
          <skill-class>
            <skill-class-name>org.texai.skill.aicoin.XAIFaucet</skill-class-name>
          </skill-class>
        </skill-classes>
        <variableNames></variableNames>
      </role>
    </roles>
  </node>

  <node>
    <name>XAIFinancialAccountingAndControlAgent</name>
    <missionDescription>Provides financial accounting and control for the AICoin network.</missionDescription>
    <isNetworkSingleton>true</isNetworkSingleton>
    <prototypeNodeNames>
      <prototypeNodeName>UniversalRolesAgent</prototypeNodeName>
    </prototypeNodeNames>
    <roles>
      <role>
        <qualifiedName>XAIFinancialAccountingAndControlAgent.XAIClientGatewayRole</qualifiedName>
        <description>Provides financial accounting and control for the AICoin network.</description>
        <parentQualifiedName>XAINetworkOperationAgent.XAINetworkOperationRole</parentQualifiedName>
        <areRemoteCommunicationsPermitted>true</areRemoteCommunicationsPermitted>
        <skill-classes>
          <skill-class>
            <skill-class-name>org.texai.skill.aicoin.XAIFinancialAccountingAndControl</skill-class-name>
          </skill-class>
        </skill-classes>
        <variableNames></variableNames>
      </role>
    </roles>
  </node>

  <node>
    <name>XAIMintAgent</name>
    <missionDescription>Provides a mint the AICoin network.</missionDescription>
    <isNetworkSingleton>true</isNetworkSingleton>
    <prototypeNodeNames>
      <prototypeNodeName>UniversalRolesAgent</prototypeNodeName>
    </prototypeNodeNames>
    <roles>
      <role>
        <qualifiedName>XAIMintAgent.XAIMintRole</qualifiedName>
        <description>Provides a mint the AICoin network.</description>
        <parentQualifiedName>XAINetworkOperationAgent.XAINetworkOperationRole</parentQualifiedName>
        <areRemoteCommunicationsPermitted>true</areRemoteCommunicationsPermitted>
        <skill-classes>
          <skill-class>
            <skill-class-name>org.texai.skill.aicoin.XAIMint</skill-class-name>
          </skill-class>
        </skill-classes>
        <variableNames></variableNames>
      </role>
    </roles>
  </node>

  <node>
    <name>NetworkSingletonConfigurationAgent</name>
    <missionDescription>Provides network configuration the AICoin network. Maintains the assignment of
      nomadic agents to particular containers.</missionDescription>
    <isNetworkSingleton>true</isNetworkSingleton>
    <prototypeNodeNames>
      <prototypeNodeName>UniversalRolesAgent</prototypeNodeName>
    </prototypeNodeNames>
    <roles>
      <role>
        <qualifiedName>NetworkSingletonConfigurationAgent.NetworkSingletonConfigurationRole</qualifiedName>
        <description>Provides network configuration the AICoin network. Maintains the assignment of
          nomadic agents to particular containers.</description>
        <parentQualifiedName>NetworkOperationAgent.NetworkOperationRole</parentQualifiedName>
        <areRemoteCommunicationsPermitted>true</areRemoteCommunicationsPermitted>
        <skill-classes>
          <skill-class>
            <skill-class-name>org.texai.skill.singletonConfiguration.NetworkSingletonConfiguration</skill-class-name>
          </skill-class>
        </skill-classes>
        <variableNames></variableNames>
      </role>
    </roles>
  </node>

  <node>
    <name>SingletonConfigurationAgent</name>
    <missionDescription>Configures this container's agents to refer to singleton parent roles, which can be hosted on other containers.</missionDescription>
    <prototypeNodeNames>
      <prototypeNodeName>UniversalRolesAgent</prototypeNodeName>
    </prototypeNodeNames>
    <roles>
      <role>
        <qualifiedName>SingletonConfigurationAgent.SingletonConfigurationRole</qualifiedName>
        <description>Configures this container's agents to refer to singleton parent roles, which can be hosted on other containers.</description>
        <parentQualifiedName>NetworkSingletonConfigurationAgent.NetworkSingletonConfigurationRole</parentQualifiedName>
        <areRemoteCommunicationsPermitted>true</areRemoteCommunicationsPermitted>
        <skill-classes>
          <skill-class>
            <skill-class-name>org.texai.skill.singletonConfiguration.SingletonConfiguration</skill-class-name>
          </skill-class>
        </skill-classes>
        <variableNames></variableNames>
      </role>
    </roles>
  </node>

  <node>
    <name>XAINetworkSeedAgent</name>
    <missionDescription>Coordinates the bittorrent seeding of large blockchain and data files to new full nodes
      when they join the network.</missionDescription>
    <isNetworkSingleton>true</isNetworkSingleton>
    <prototypeNodeNames>
      <prototypeNodeName>UniversalRolesAgent</prototypeNodeName>
    </prototypeNodeNames>
    <roles>
      <role>
        <qualifiedName>XAINetworkSeedAgent.XAINetworkSeedRole</qualifiedName>
        <description>Coordinates the bittorrent seeding of large blockchain and data files to new full nodes
      when they join the network.</description>
        <parentQualifiedName>XAINetworkOperationAgent.XAINetworkOperationRole</parentQualifiedName>
        <areRemoteCommunicationsPermitted>true</areRemoteCommunicationsPermitted>
        <skill-classes>
          <skill-class>
            <skill-class-name>org.texai.skill.aicoin.XAINetworkSeed</skill-class-name>
          </skill-class>
        </skill-classes>
        <variableNames></variableNames>
      </role>
    </roles>
  </node>

  <node>
    <name>XAISeedAgent</name>
    <missionDescription>Provides a AICoin network seed for wallet and processor clients. Maintains the mapping of client gateways
      and their respective IP addresses.</missionDescription>
    <prototypeNodeNames>
      <prototypeNodeName>UniversalRolesAgent</prototypeNodeName>
    </prototypeNodeNames>
    <roles>
      <role>
        <qualifiedName>XAISeedAgent.XAISeedRole</qualifiedName>
        <description>Provides a AICoin network seed for wallet and processor clients. Maintains the mapping of client gateways
          and their respective IP addresses.</description>
        <parentQualifiedName>XAINetworkSeedAgent.XAINetworkSeedRole</parentQualifiedName>
        <areRemoteCommunicationsPermitted>true</areRemoteCommunicationsPermitted>
        <skill-classes>
          <skill-class>
            <skill-class-name>org.texai.skill.aicoin.XAISeed</skill-class-name>
          </skill-class>
        </skill-classes>
        <variableNames></variableNames>
      </role>
    </roles>
  </node>

  <node>
    <name>XAIPrimaryAuditAgent</name>
    <missionDescription>Provides the primary audit agent for the AICoin network.</missionDescription>
    <isNetworkSingleton>true</isNetworkSingleton>
    <prototypeNodeNames>
      <prototypeNodeName>UniversalRolesAgent</prototypeNodeName>
    </prototypeNodeNames>
    <roles>
      <role>
        <qualifiedName>XAIPrimaryAuditAgent.XAIPrimaryAuditRole</qualifiedName>
        <description>Provides the primary audit agent for the AICoin network.</description>
        <parentQualifiedName>XAINetworkOperationAgent.XAINetworkOperationRole</parentQualifiedName>
        <areRemoteCommunicationsPermitted>true</areRemoteCommunicationsPermitted>
        <skill-classes>
          <skill-class>
            <skill-class-name>org.texai.skill.aicoin.XAIPrimaryAudit</skill-class-name>
          </skill-class>
        </skill-classes>
        <variableNames></variableNames>
      </role>
    </roles>
  </node>

  <node>
    <name>XAIRecoveryAgent</name>
    <missionDescription>Provides fault recovery for the AICoin network.</missionDescription>
    <isNetworkSingleton>true</isNetworkSingleton>
    <prototypeNodeNames>
      <prototypeNodeName>UniversalRolesAgent</prototypeNodeName>
    </prototypeNodeNames>
    <roles>
      <role>
        <qualifiedName>XAIRecoveryAgent.XAIRecoveryRole</qualifiedName>
        <description>Provides fault recovery for the AICoin network.</description>
        <parentQualifiedName>XAINetworkOperationAgent.XAINetworkOperationRole</parentQualifiedName>
        <areRemoteCommunicationsPermitted>true</areRemoteCommunicationsPermitted>
        <skill-classes>
          <skill-class>
            <skill-class-name>org.texai.skill.aicoin.XAIRecovery</skill-class-name>
          </skill-class>
        </skill-classes>
        <variableNames></variableNames>
      </role>
    </roles>
  </node>

  <node>
    <name>XAIRewardAllocationAgent</name>
    <missionDescription>Allocates the rewards resulting from minting new blocks for the AICoin network.</missionDescription>
    <isNetworkSingleton>true</isNetworkSingleton>
    <prototypeNodeNames>
      <prototypeNodeName>UniversalRolesAgent</prototypeNodeName>
    </prototypeNodeNames>
    <roles>
      <role>
        <qualifiedName>XAIRewardAllocationAgent.XAIRewardAllocationRole</qualifiedName>
        <description>Allocates the rewards resulting from minting new blocks for the AICoin network.</description>
        <parentQualifiedName>XAINetworkOperationAgent.XAINetworkOperationRole</parentQualifiedName>
        <areRemoteCommunicationsPermitted>true</areRemoteCommunicationsPermitted>
        <skill-classes>
          <skill-class>
            <skill-class-name>org.texai.skill.aicoin.XAIRewardAllocation</skill-class-name>
          </skill-class>
        </skill-classes>
        <variableNames></variableNames>
      </role>
    </roles>
  </node>

  <node>
    <name>XAIContainerAuditAgent</name>
    <missionDescription>Provides a container audit agent for the AICoin network.</missionDescription>
    <prototypeNodeNames>
      <prototypeNodeName>UniversalRolesAgent</prototypeNodeName>
    </prototypeNodeNames>
    <roles>
      <role>
        <qualifiedName>XAIContainerAuditAgent.XAIContainerAuditRole</qualifiedName>
        <description>Provides a container audit agent for the AICoin network.</description>
        <parentQualifiedName>XAINetworkOperationAgent.XAINetworkOperationRole</parentQualifiedName>
        <areRemoteCommunicationsPermitted>true</areRemoteCommunicationsPermitted>
        <skill-classes>
          <skill-class>
            <skill-class-name>org.texai.skill.aicoin.XAIContainerAudit</skill-class-name>
          </skill-class>
        </skill-classes>
        <variableNames></variableNames>
      </role>
    </roles>
  </node>

  <node>
    <name>XAIContainerCertificateAuthorityAgent</name>
    <missionDescription>Provides self-signed X.509 certificates for roles in a particular container in the AICoin
      network.</missionDescription>
    <prototypeNodeNames>
      <prototypeNodeName>UniversalRolesAgent</prototypeNodeName>
    </prototypeNodeNames>
    <roles>
      <role>
        <qualifiedName>XAIContainerCertificateAuthorityAgent.XAIContainerCertificateAuthorityRole</qualifiedName>
        <description>Provides a container audit agent for the AICoin network.</description>
        <parentQualifiedName>XAINetworkOperationAgent.XAINetworkOperationRole</parentQualifiedName>
        <areRemoteCommunicationsPermitted>true</areRemoteCommunicationsPermitted>
        <skill-classes>
          <skill-class>
            <skill-class-name>org.texai.skill.aicoin.XAIContainerCertificateAuthority</skill-class-name>
          </skill-class>
        </skill-classes>
        <variableNames></variableNames>
      </role>
    </roles>
  </node>

  <node>
    <name>XAINetworkEpisodicMemoryAgent</name>
    <missionDescription>Coordinates episodic memory for agents in the AICoin network.</missionDescription>
    <isNetworkSingleton>true</isNetworkSingleton>
    <prototypeNodeNames>
      <prototypeNodeName>UniversalRolesAgent</prototypeNodeName>
    </prototypeNodeNames>
    <roles>
      <role>
        <qualifiedName>XAINetworkEpisodicMemoryAgent.XAINetworkEpisodicMemoryRole</qualifiedName>
        <description>Coordinates episodic memory for agents in the AICoin network.</description>
        <parentQualifiedName>XAINetworkOperationAgent.XAINetworkOperationRole</parentQualifiedName>
        <areRemoteCommunicationsPermitted>true</areRemoteCommunicationsPermitted>
        <skill-classes>
          <skill-class>
            <skill-class-name>org.texai.skill.aicoin.XAINetworkEpisodicMemory</skill-class-name>
          </skill-class>
        </skill-classes>
        <variableNames></variableNames>
      </role>
    </roles>
  </node>

  <node>
    <name>XAIContainerEpisodicMemoryAgent</name>
    <missionDescription>Provides episodic memory for agents in a particular container in the AICoin network.</missionDescription>
    <prototypeNodeNames>
      <prototypeNodeName>UniversalRolesAgent</prototypeNodeName>
    </prototypeNodeNames>
    <roles>
      <role>
        <qualifiedName>XAIContainerEpisodicMemoryAgent.XAIContainerEpisodicMemoryRole</qualifiedName>
        <description>Provides episodic memory for agents in a particular container in the AICoin network.</description>
        <parentQualifiedName>XAINetworkEpisodicMemoryAgent.XAINetworkEpisodicMemoryRole</parentQualifiedName>
        <areRemoteCommunicationsPermitted>true</areRemoteCommunicationsPermitted>
        <skill-classes>
          <skill-class>
            <skill-class-name>org.texai.skill.aicoin.XAIContainerEpisodicMemory</skill-class-name>
          </skill-class>
        </skill-classes>
        <variableNames></variableNames>
      </role>
    </roles>
  </node>

</nodes>